-- MariaDB dump 10.17  Distrib 10.4.6-MariaDB, for Win64 (AMD64)
--
-- Host: localhost    Database: webPr
-- ------------------------------------------------------
-- Server version	10.4.6-MariaDB

/*!40101 SET @OLD_CHARACTER_SET_CLIENT=@@CHARACTER_SET_CLIENT */;
/*!40101 SET @OLD_CHARACTER_SET_RESULTS=@@CHARACTER_SET_RESULTS */;
/*!40101 SET @OLD_COLLATION_CONNECTION=@@COLLATION_CONNECTION */;
/*!40101 SET NAMES utf8mb4 */;
/*!40103 SET @OLD_TIME_ZONE=@@TIME_ZONE */;
/*!40103 SET TIME_ZONE='+00:00' */;
/*!40014 SET @OLD_UNIQUE_CHECKS=@@UNIQUE_CHECKS, UNIQUE_CHECKS=0 */;
/*!40014 SET @OLD_FOREIGN_KEY_CHECKS=@@FOREIGN_KEY_CHECKS, FOREIGN_KEY_CHECKS=0 */;
/*!40101 SET @OLD_SQL_MODE=@@SQL_MODE, SQL_MODE='NO_AUTO_VALUE_ON_ZERO' */;
/*!40111 SET @OLD_SQL_NOTES=@@SQL_NOTES, SQL_NOTES=0 */;

--
-- Table structure for table `comments`
--

DROP TABLE IF EXISTS `comments`;
/*!40101 SET @saved_cs_client     = @@character_set_client */;
/*!40101 SET character_set_client = utf8 */;
CREATE TABLE `comments` (
  `id` bigint(20) unsigned NOT NULL AUTO_INCREMENT,
  `question_id` bigint(20) unsigned NOT NULL,
  `name` varchar(255) COLLATE utf8mb4_unicode_ci NOT NULL,
  `comment` varchar(255) COLLATE utf8mb4_unicode_ci NOT NULL,
  `created_at` timestamp NULL DEFAULT NULL,
  `updated_at` timestamp NULL DEFAULT NULL,
  PRIMARY KEY (`id`),
  KEY `comments_question_id_foreign` (`question_id`),
  CONSTRAINT `comments_question_id_foreign` FOREIGN KEY (`question_id`) REFERENCES `questions` (`id`) ON DELETE CASCADE ON UPDATE CASCADE
) ENGINE=InnoDB AUTO_INCREMENT=145 DEFAULT CHARSET=utf8mb4 COLLATE=utf8mb4_unicode_ci;
/*!40101 SET character_set_client = @saved_cs_client */;

--
-- Dumping data for table `comments`
--

LOCK TABLES `comments` WRITE;
/*!40000 ALTER TABLE `comments` DISABLE KEYS */;
INSERT INTO `comments` VALUES (1,1,'Colby Brekke','Rerum nulla cum iste ea. Soluta perferendis sunt eius omnis quas delectus. Aliquam doloremque consequatur et quaerat consequuntur temporibus optio odio. Harum deserunt sed dolor iste magnam.','2019-11-13 17:22:13','2019-11-13 17:22:13'),(2,2,'Dr. Liza Bahringer I','Est molestiae sequi rerum voluptas. Nesciunt nihil amet ipsum sequi culpa qui quos.','2019-11-01 09:56:26','2019-11-01 09:56:26'),(3,3,'Gina Maggio','Omnis veritatis et vel veniam sunt modi. Neque quo nulla et quos rerum sed porro. Asperiores et deleniti dolore autem est corporis soluta. Tenetur impedit sit cumque qui dolorem.','2019-11-07 07:59:47','2019-11-07 07:59:47'),(4,4,'Coralie Armstrong','Autem consequatur voluptatem nulla non eum autem adipisci. Velit consequatur sint suscipit itaque qui voluptas. Dolore et debitis aut sunt commodi sit odio quas. Eveniet est consequuntur voluptatem qui.','2019-11-02 00:06:10','2019-11-02 00:06:10'),(5,5,'Dr. Wellington Price','Ad aut aliquam est consequatur aut quisquam. Modi vel quo tenetur ad. Voluptatem eveniet nesciunt dolorum eos. Est voluptate quis vel dolores commodi.','2019-10-25 07:38:07','2019-10-25 07:38:07'),(6,6,'Mr. Jaeden Roberts DVM','Consectetur vitae eos ipsam ut. Natus iusto odit tempora fugiat dolorum numquam sed ab. Eveniet esse ut odio consequatur.','2019-11-12 09:47:34','2019-11-12 09:47:34'),(8,8,'Ottilie Veum','Nihil dolore quo amet consequuntur saepe debitis voluptas. Suscipit unde aliquid eum. Libero quos veritatis dolores maxime. Sit quia laboriosam et temporibus placeat nihil eveniet ut.','2019-11-21 22:07:28','2019-11-21 22:07:28'),(9,9,'Prof. Ellie Grant','Non accusantium deserunt deserunt sed. Veniam odio accusantium ut et. Maiores dolores dolore dolorem. Sapiente debitis error ducimus sit porro ut repellat.','2019-11-06 08:04:13','2019-11-06 08:04:13'),(10,10,'Delphine Rice I','Natus tenetur harum modi ut magni autem cupiditate. Voluptatibus est et et dolorum distinctio ut voluptatem aut. Ipsum pariatur quidem et aperiam vel laboriosam et magni. Facere ea velit et dolor.','2019-11-15 23:57:30','2019-11-15 23:57:30'),(11,1,'Jodie Williamson','Iure expedita eum ullam ab. Mollitia quae occaecati vero a unde. Temporibus corporis aut assumenda.','2019-10-27 07:11:28','2019-10-27 07:11:28'),(12,2,'Roger Zulauf','Corrupti dolorem sit aut accusantium in amet. Nemo debitis numquam iure error excepturi repellendus optio. Ea sit amet adipisci rerum. Enim animi est officiis doloremque maiores ullam voluptatem.','2019-11-03 01:00:25','2019-11-03 01:00:25'),(13,3,'Cydney Bosco','Et dolorem doloremque dolores ut et non et. Omnis tenetur impedit aperiam fugiat.','2019-10-24 02:34:21','2019-10-24 02:34:21'),(14,4,'Loren Little','Autem dignissimos debitis est quae. Delectus debitis expedita hic in qui sunt mollitia. Doloribus ut harum quo enim.','2019-11-03 03:13:02','2019-11-03 03:13:02'),(15,5,'Dominique Stracke Jr.','Voluptatibus corporis magni explicabo pariatur voluptas iste deleniti. Qui omnis assumenda sint ut qui magnam enim.','2019-11-22 05:03:29','2019-11-22 05:03:29'),(16,6,'Brooks Steuber','Officiis maiores distinctio dolores dolor. Nihil labore dolorem a ratione molestiae.','2019-11-16 18:57:46','2019-11-16 18:57:46'),(19,9,'Christine Turcotte','Odio expedita vitae non deserunt. Voluptas quis quasi officia et quis asperiores. Quam et eligendi expedita magni.','2019-10-29 07:32:56','2019-10-29 07:32:56'),(20,10,'Ms. Verona Dicki','Et nobis non recusandae aut. Ut ducimus ut voluptates et pariatur amet. Assumenda consequatur enim nobis. Explicabo laudantium omnis minus voluptatibus.','2019-10-28 17:07:37','2019-10-28 17:07:37'),(21,11,'Mr. Tyrese Ryan Jr.','Possimus et distinctio maiores ut rem et. Numquam doloribus enim quae ab consequatur cum sunt. Nostrum soluta quas dolor illo. Earum sit cumque similique et et ut.','2019-10-31 21:32:13','2019-10-31 21:32:13'),(22,12,'Georgette Kuhlman','Sit fuga alias nisi molestiae minus at. Distinctio assumenda repellat in neque quaerat corrupti distinctio. Laborum enim aut temporibus molestiae optio et. Nihil in ut et magni et.','2019-11-10 11:59:02','2019-11-10 11:59:02'),(23,13,'Bridie Oberbrunner','Reiciendis veniam vel veritatis ullam repellat non tempore et. Architecto facere ullam et quidem. Blanditiis quia corporis voluptatem odit enim quia.','2019-11-14 05:43:52','2019-11-14 05:43:52'),(24,14,'Mr. Kennith Murphy','Temporibus aliquid unde atque voluptatem molestias. Eveniet quis voluptatem aperiam id aut nulla. Illum aut ipsum est autem dolorum consequatur ut. Rerum illo beatae tenetur id in officiis minus.','2019-10-30 03:43:01','2019-10-30 03:43:01'),(25,15,'Kylie Corkery','Numquam harum magni eligendi a voluptatem provident dolores. Sit aut et ratione sequi non. Eos maiores repellat architecto non molestiae.','2019-11-21 13:18:21','2019-11-21 13:18:21'),(26,16,'Adrain Klocko','Omnis et dignissimos sed ut quia consequatur. Earum recusandae odio unde velit et ut. Laudantium quae quos aut at incidunt consectetur id. Officia officiis ut temporibus a dolor voluptas reiciendis.','2019-11-09 06:51:28','2019-11-09 06:51:28'),(27,17,'Alvena Volkman','Magnam non aliquid perferendis officiis ullam suscipit eveniet. Quae nesciunt quam rerum aliquid maiores. Et est aut odio.','2019-11-09 18:11:05','2019-11-09 18:11:05'),(28,18,'Mrs. Zetta Lebsack','Praesentium id exercitationem qui provident ratione. Eveniet laborum est iure non dignissimos distinctio et. Consectetur quibusdam omnis aut odit sequi. Eligendi incidunt tenetur qui nihil eos.','2019-11-13 03:19:41','2019-11-13 03:19:41'),(29,19,'Dr. Green Rogahn II','Similique assumenda rem recusandae blanditiis. Sit porro voluptas quam ut laborum. Sint corrupti illo et dolor totam quaerat.','2019-10-30 05:29:50','2019-10-30 05:29:50'),(30,20,'Lemuel Ritchie','Sit placeat voluptate quasi est architecto. Atque in repellat dolorem voluptate ratione suscipit. Minima ratione accusantium tempore dignissimos. Et repellendus eaque aut id.','2019-11-22 05:21:40','2019-11-22 05:21:40'),(31,21,'Sage Rosenbaum','Laudantium blanditiis mollitia est rem consectetur deserunt voluptas. Qui laboriosam deserunt et neque. Voluptate pariatur adipisci qui nihil. Repellendus aliquam ratione voluptas id quae libero.','2019-10-24 04:57:38','2019-10-24 04:57:38'),(32,22,'Albina Hegmann MD','Commodi explicabo voluptatem est architecto libero dicta ipsum. Molestiae nobis commodi perspiciatis vitae.','2019-11-19 13:47:04','2019-11-19 13:47:04'),(33,23,'Miss Linda Gottlieb','Aut quos voluptate qui. Est atque voluptas in est quo totam. Rerum quidem quis saepe autem facere eligendi.','2019-10-26 04:00:32','2019-10-26 04:00:32'),(34,24,'Mr. Tony Von II','Alias natus sapiente officiis facilis. Qui sunt eum autem repudiandae similique facere. Quia illo natus vel praesentium ex reiciendis.','2019-11-13 02:54:14','2019-11-13 02:54:14'),(35,1,'Estella Klocko','Vel eveniet non cum exercitationem voluptatum. Voluptatem ipsa facere dolores architecto voluptas ut.','2019-10-25 06:15:15','2019-10-25 06:15:15'),(36,2,'Dr. Mitchel Spinka I','Eveniet laboriosam est numquam vel. Quis veniam tenetur fugit et eveniet perspiciatis porro nisi. Molestiae sint quos animi rem impedit.','2019-11-02 00:36:43','2019-11-02 00:36:43'),(37,3,'Alexane Pfannerstill','Quos ratione vitae quae sequi. Illo omnis sit minus quas excepturi. Minus aliquam et rem beatae hic. Aspernatur magnam numquam nihil ut tempora.','2019-11-01 09:33:09','2019-11-01 09:33:09'),(38,4,'Monserrate Robel','Rerum ipsum rerum dolorem. Itaque sequi blanditiis et ducimus. Pariatur nostrum quae aspernatur dolores ullam qui voluptate. Architecto nostrum quis earum sit qui sunt ipsa tempora.','2019-10-24 08:59:32','2019-10-24 08:59:32'),(39,5,'Dr. Derek Bashirian Sr.','Aliquid animi dignissimos ipsum beatae quibusdam aliquid. Aliquid omnis cupiditate illum id. Nihil corporis harum qui ut aperiam quod. Id itaque nemo quia non itaque dolor expedita.','2019-11-16 08:16:13','2019-11-16 08:16:13'),(40,6,'Mr. Zander Romaguera','Molestiae qui illo alias doloremque aspernatur possimus. Necessitatibus dolorem enim atque illum quis. Molestiae consequatur quam ad omnis harum.','2019-11-14 22:46:06','2019-11-14 22:46:06'),(42,8,'Tatum Klocko','At temporibus consectetur atque est facilis. Et doloribus est quae ullam repellendus tempore. Nemo rerum officiis atque voluptates.','2019-11-01 06:09:50','2019-11-01 06:09:50'),(43,9,'Hope Mayert','Assumenda et iure pariatur possimus voluptate explicabo. Porro voluptas non qui. Ipsa omnis et dolores.','2019-10-31 23:55:43','2019-10-31 23:55:43'),(44,10,'Edwin Rolfson','Vel laborum itaque explicabo unde qui ut. Libero harum impedit error sunt minima non.','2019-11-09 19:43:53','2019-11-09 19:43:53'),(45,11,'Bernadine Metz','Soluta quae esse tempora debitis eveniet laudantium quibusdam. Ut aut ducimus ullam aut nulla. Necessitatibus voluptatibus harum eos non libero commodi. Et tenetur aut enim et aut. Sit quae et et asperiores error qui.','2019-11-03 02:44:43','2019-11-03 02:44:43'),(46,12,'Giovanny Bins','Est aut quis eos facilis dolores dolorem. Ad quaerat laborum veritatis est exercitationem perferendis. Est facilis autem repudiandae enim. Voluptatem fugiat placeat praesentium vel.','2019-11-17 17:39:24','2019-11-17 17:39:24'),(47,13,'Dora Ferry','Sed quia omnis blanditiis voluptas illo. Itaque et fugiat quod ipsum perspiciatis ut. Accusantium sint aut pariatur perferendis.','2019-10-22 23:20:31','2019-10-22 23:20:31'),(48,14,'Sean Kuhic','Qui assumenda molestias qui rerum non. Quibusdam animi quis et sunt dolorem perferendis. Repudiandae sed doloremque reiciendis tempora. Qui ducimus et incidunt sit aut fugiat autem.','2019-11-21 21:12:24','2019-11-21 21:12:24'),(49,15,'Prof. Rusty Goldner III','Ut quas ut dolore nobis quasi pariatur ea. Similique sed nihil quo et autem et alias ut. Reiciendis et dolorem sit aut velit vel maiores. Est nostrum ducimus provident error quis.','2019-11-21 12:47:27','2019-11-21 12:47:27'),(50,16,'Ms. Yasmeen Graham','Tenetur officiis neque itaque nisi quam. Non ipsam architecto consequatur dolore cum beatae non. Quibusdam voluptatibus non beatae adipisci omnis aperiam quis. Quod incidunt magnam totam. Velit aut iste dolor accusantium eum.','2019-11-04 14:46:48','2019-11-04 14:46:48'),(51,17,'Geoffrey Keebler','Quia neque nostrum et. Molestias ut accusamus dolor necessitatibus. Harum voluptates tenetur impedit placeat nihil.','2019-11-02 01:16:23','2019-11-02 01:16:23'),(52,18,'Pierre Blanda','Distinctio dolorem et quia et repellat reiciendis. Atque repudiandae voluptatibus esse deserunt iusto consequatur. Vitae deleniti est aliquid veniam. Dolorem voluptatem temporibus omnis nobis.','2019-11-12 21:29:55','2019-11-12 21:29:55'),(53,19,'Rudy Braun PhD','Sit sed officia ut hic qui. Voluptas unde voluptas magnam. Officia sed quae quam aut blanditiis excepturi sunt temporibus.','2019-11-13 04:49:37','2019-11-13 04:49:37'),(54,20,'Rupert Ernser','Ipsum officiis hic inventore quia sunt numquam. Cum eum enim ut impedit molestias blanditiis voluptates. Dolor omnis doloribus illo laborum aut asperiores.','2019-11-16 09:00:25','2019-11-16 09:00:25'),(55,21,'Alice Torphy','Inventore cupiditate eius alias excepturi. Corrupti nisi quos repellat occaecati. Est et doloremque placeat voluptatem. Voluptatem necessitatibus sed rerum fuga porro soluta.','2019-10-29 10:16:36','2019-10-29 10:16:36'),(56,22,'Mrs. Mariane Gerlach','Culpa dicta omnis maiores excepturi nam. Dolorum nemo non quae accusamus. Rerum voluptatem consequatur alias quae maiores. Cumque tempore sunt molestiae qui. Ipsum est commodi iusto.','2019-10-25 23:42:14','2019-10-25 23:42:14'),(57,23,'Jerel Hayes','Rerum molestias error blanditiis recusandae vero voluptatem minus. Exercitationem aut consequuntur et earum quia. Necessitatibus ratione qui sit placeat voluptatem. Neque et deleniti beatae ipsam neque.','2019-10-23 10:53:21','2019-10-23 10:53:21'),(58,24,'Tierra Baumbach','Nisi at doloremque velit mollitia totam. Consequatur nemo ipsa natus repellendus. Voluptatum inventore eos hic reprehenderit sit dicta non commodi. Aspernatur et ad rerum aut occaecati reiciendis.','2019-11-20 18:04:46','2019-11-20 18:04:46'),(59,25,'Percival Schinner','Ut est sed itaque quisquam dolorem voluptatem. Reprehenderit eaque expedita et vel nisi est libero placeat. Odit in nihil voluptatem ea fugit necessitatibus. Fugit incidunt iure eum ipsum blanditiis ipsum molestias. Ipsum rem dolores repudiandae illo et.','2019-11-05 09:33:07','2019-11-05 09:33:07'),(60,26,'Orville Huel','Explicabo nulla vitae qui nihil. Veritatis esse ipsa assumenda veniam sunt temporibus alias. Recusandae ut et et tenetur quis ratione culpa earum.','2019-10-27 10:37:29','2019-10-27 10:37:29'),(61,27,'Dr. Ceasar Klocko PhD','Nulla eaque accusamus ut voluptatem similique ex fuga nihil. Soluta architecto assumenda aut. Enim et dolore sed voluptas unde praesentium in. Magni corporis inventore provident nemo.','2019-10-31 11:58:16','2019-10-31 11:58:16'),(62,28,'Simeon Schmidt','Tenetur nobis laborum rerum pariatur minus porro eos. Amet voluptatum vel velit aliquam. Adipisci voluptatem perspiciatis nemo enim ipsum.','2019-11-01 09:19:48','2019-11-01 09:19:48'),(63,29,'Lizzie Bogisich','Quibusdam occaecati deserunt sed et magnam occaecati temporibus. Consequatur autem voluptatum natus saepe quo. Error dolor quo accusantium.','2019-11-03 01:41:54','2019-11-03 01:41:54'),(64,30,'Noelia Schoen','Ipsum at rerum vel possimus incidunt. Adipisci minus aut omnis. Cupiditate hic vel et aut ab molestias non. Quae aut error eum a in ipsam ea.','2019-10-30 15:55:44','2019-10-30 15:55:44'),(65,31,'Dr. Dallin Huel Sr.','Explicabo doloribus aut provident cum dolore dolores ipsa. Harum id qui ut.','2019-10-29 23:38:29','2019-10-29 23:38:29'),(66,32,'Gus Hayes','Ut illum expedita dolorum ducimus sit. Eum quasi excepturi animi. Laborum eveniet in error debitis eius facere ea. Voluptatem eos qui debitis excepturi.','2019-11-04 23:23:31','2019-11-04 23:23:31'),(67,33,'Terrance Kub II','Est voluptatem eius quia velit rerum aut. Perferendis delectus impedit aliquid nostrum optio. Dolores fugit voluptatem voluptatibus animi rem.','2019-11-09 08:40:33','2019-11-09 08:40:33'),(68,34,'Darlene Hahn PhD','Vitae cum fugiat in ut cupiditate nulla. A ipsum quia sit. Quod sit dolores qui aliquid perspiciatis. Est voluptatem officia magnam nam enim.','2019-11-20 15:55:15','2019-11-20 15:55:15'),(69,35,'Cierra Pacocha','Numquam harum consequuntur autem aut eveniet. Nobis velit ad nihil et at alias. Voluptas quo beatae animi molestiae ut quod accusantium. Et necessitatibus aut provident consequatur ea aut dolor.','2019-10-22 15:05:52','2019-10-22 15:05:52'),(70,36,'Osborne Konopelski','Omnis fugit dolorum et rerum et veritatis. Ratione qui possimus consequatur beatae. Nesciunt ipsam animi earum eius eum tempora sapiente quam. Accusamus mollitia rem quo esse saepe. Sapiente accusantium fugiat voluptatum qui.','2019-10-23 03:34:17','2019-10-23 03:34:17'),(71,37,'Marcus Mann','Est consequuntur soluta aut molestias. Dicta qui consequatur in ut enim amet. Sit id iste aut ab voluptas minus.','2019-11-01 12:02:44','2019-11-01 12:02:44'),(72,38,'Edwardo Hoppe','Vel molestiae qui veniam voluptates laborum deleniti. A illum accusamus ut magnam ratione. Molestias qui ipsum atque distinctio quia maxime veritatis.','2019-11-04 18:08:18','2019-11-04 18:08:18'),(73,39,'Miss Alba Marquardt','Odio iusto velit et ut temporibus accusamus sapiente. Ipsam deleniti vitae eum consequatur ut. Ut iure quaerat et rerum ea dolores accusantium labore.','2019-11-15 15:13:43','2019-11-15 15:13:43'),(74,40,'Dr. Jaylin Labadie','Illo nesciunt soluta expedita at. Quis natus aut sequi voluptas accusamus.','2019-11-02 21:37:19','2019-11-02 21:37:19'),(75,41,'Marley Goldner','Architecto voluptatem porro dolores molestiae odio nam magnam. Sapiente ipsum sit adipisci a.','2019-11-07 09:10:56','2019-11-07 09:10:56'),(76,42,'Darius Moore','Qui et suscipit saepe dolore commodi. Perferendis autem dignissimos cumque blanditiis. Ex rerum molestiae maiores assumenda natus. Sed sed iure animi delectus voluptatum.','2019-11-17 07:06:30','2019-11-17 07:06:30'),(77,43,'Daisy Dicki IV','Nihil animi totam quis praesentium. Animi labore unde explicabo minus. Rerum velit recusandae labore unde cum. Quo unde sint iste tempore.','2019-11-06 02:31:28','2019-11-06 02:31:28'),(78,1,'Mackenzie Bogisich','Aperiam qui repudiandae praesentium placeat. Quod itaque unde soluta rerum. Numquam possimus nostrum nihil consequuntur facilis. Porro iusto voluptatum recusandae hic iste consequuntur.','2019-10-31 21:09:58','2019-10-31 21:09:58'),(79,2,'Dr. Kimberly Homenick','Aspernatur non sint odio error rerum. Sit modi assumenda quas autem sunt perspiciatis aut. Voluptatibus magnam animi corrupti quia consequatur. Asperiores voluptatem itaque et sint iste eius.','2019-11-20 11:47:07','2019-11-20 11:47:07'),(80,3,'Delphia Roberts DDS','Sit cupiditate ut accusamus quaerat et voluptatibus. Similique eum et odio aut asperiores.','2019-10-31 22:26:19','2019-10-31 22:26:19'),(81,4,'Tia Dickens','Tenetur qui illo veniam est provident in nesciunt. Ut iure tempora eum. Aut quia at eaque qui.','2019-11-19 23:41:00','2019-11-19 23:41:00'),(82,1,'Fidel Gleichner','Aut odit aperiam labore. Modi fugiat iure quia eum non. Officiis ut voluptas fugiat et aspernatur molestiae expedita.','2019-10-23 12:23:11','2019-10-23 12:23:11'),(83,2,'Sallie Harris Sr.','Tempore qui pariatur eligendi. Temporibus vel non omnis perferendis molestias quam. Quis nam sint incidunt tempore voluptatem aliquam.','2019-10-28 04:16:50','2019-10-28 04:16:50'),(84,3,'Amos Harber','Molestiae expedita atque dolorem possimus odit nulla architecto. Quae eligendi eos eos possimus dignissimos aliquam. Consequatur perferendis aut quia occaecati.','2019-11-12 10:34:11','2019-11-12 10:34:11'),(85,4,'Angelina Schumm','Qui commodi aspernatur dolorum adipisci unde. Et nihil deserunt modi expedita provident exercitationem esse. Voluptas rerum aut tenetur autem et consectetur quo perferendis. At rerum sint harum sunt fuga commodi aliquid.','2019-11-12 17:25:30','2019-11-12 17:25:30'),(86,5,'Prof. Idell Stracke','Qui est mollitia error suscipit illo. A nihil saepe nam earum saepe ea.','2019-11-10 10:37:15','2019-11-10 10:37:15'),(87,6,'Mrs. Germaine Stamm','Voluptatem deserunt autem autem mollitia rerum commodi rerum. Similique odio autem totam eius expedita sunt deserunt.','2019-11-09 23:07:18','2019-11-09 23:07:18'),(89,8,'Elroy Harvey','Ipsam quasi et numquam voluptate doloremque. Aut iusto rerum necessitatibus quis voluptatem possimus. Ut et ad deserunt ut qui est hic est. Ullam distinctio quasi perferendis velit quae omnis qui facere.','2019-11-16 14:58:44','2019-11-16 14:58:44'),(90,9,'Ezequiel Sipes','Adipisci reiciendis quae nemo quia qui. Aliquid omnis pariatur et sint et fuga corrupti. Neque et exercitationem ipsam enim. Et aliquid nihil ut vitae.','2019-11-08 01:52:22','2019-11-08 01:52:22'),(91,10,'Kody Veum','Velit libero quibusdam tempora et rem sapiente. Harum quam odio dicta inventore. Aspernatur voluptatibus omnis ducimus aut eaque libero modi.','2019-11-06 22:52:45','2019-11-06 22:52:45'),(92,11,'Jessy Heathcote','Quidem libero quibusdam harum maiores ut. Eaque molestiae ut dolorum saepe.','2019-10-29 11:52:16','2019-10-29 11:52:16'),(93,12,'Mr. Oliver Powlowski Sr.','Porro eos quia dolorem nobis nisi fuga natus. Reiciendis aut cumque illum et quia. Et et sunt nemo consequatur.','2019-10-28 11:33:01','2019-10-28 11:33:01'),(94,13,'Loy Rowe','Dolor placeat dolores est impedit voluptatem doloremque assumenda. Facilis aut rerum temporibus et aut aut. Autem et accusantium hic aut quo ea ipsa.','2019-11-21 16:13:41','2019-11-21 16:13:41'),(95,14,'Miguel Haley','Natus officiis ex commodi recusandae id sed sequi ea. Illum ab et dignissimos officia. Vero nam neque quibusdam qui molestiae amet iure est.','2019-11-09 06:07:10','2019-11-09 06:07:10'),(96,15,'Ms. Nellie Douglas','Ipsam qui praesentium repellendus quo ut cumque qui. Eos facere in sint non ut. Neque fugit ea impedit ut praesentium. Commodi iure tempora omnis dolorem sapiente.','2019-11-22 05:07:11','2019-11-22 05:07:11'),(97,16,'Amina Hackett','At necessitatibus et voluptatem qui. Amet libero dolor consequatur ullam. Minima laudantium neque sit ut rem et recusandae. Debitis tempore rerum sequi ipsa sint quae odio.','2019-10-30 22:10:52','2019-10-30 22:10:52'),(98,17,'Garret Hill','Reiciendis pariatur nulla aperiam fuga ut omnis cupiditate. Autem minima commodi officia nihil ut. Dolorum cupiditate voluptates aliquid nobis magni. Nemo iure et rem aut reiciendis.','2019-11-19 02:09:08','2019-11-19 02:09:08'),(99,18,'Dr. Clifton Anderson','Dicta voluptatem est nostrum ullam distinctio eum. Tenetur quae magnam iusto dolor ab amet iure dolore. Occaecati quod veniam est eum iusto labore. Sint non nesciunt soluta laudantium.','2019-11-21 16:15:42','2019-11-21 16:15:42'),(100,19,'Easton Prosacco','Dolores qui dolorem voluptas aspernatur explicabo. Ut sapiente magnam ea dolor est rerum. Id illum dolor aut rem repellendus nulla eligendi provident. Aut iste modi expedita eos.','2019-11-21 20:03:59','2019-11-21 20:03:59'),(101,20,'Lafayette Grant','At non accusamus officia minus dignissimos est et. Omnis animi voluptatem molestiae sit in rerum. Et perspiciatis assumenda aut placeat debitis similique corrupti. Consequatur amet et facere non.','2019-11-16 22:51:14','2019-11-16 22:51:14'),(102,21,'Dr. Vernice Gaylord','Sunt sed officiis et suscipit rerum velit. Pariatur ea occaecati nisi nobis.','2019-10-27 14:29:34','2019-10-27 14:29:34'),(103,22,'Dr. Helmer Dach','Et in adipisci officiis accusantium. Quod debitis voluptatem dolorem. Suscipit autem et rerum sint nostrum id sed. Laudantium id consectetur adipisci voluptatem itaque cumque explicabo facilis.','2019-11-10 08:11:50','2019-11-10 08:11:50'),(104,23,'Zetta Lebsack IV','Praesentium voluptatem in suscipit tempora dolor mollitia impedit amet. Commodi distinctio omnis odit exercitationem consequatur.','2019-10-26 14:13:00','2019-10-26 14:13:00'),(105,24,'Molly Lowe','Tenetur soluta velit earum quo. Dolores vel nisi omnis aut atque ut. Aspernatur fugiat non veniam quidem quibusdam qui et. Quibusdam tenetur tenetur recusandae rem nihil exercitationem.','2019-11-01 16:56:20','2019-11-01 16:56:20'),(106,25,'Mrs. Libby Keebler','Corporis laborum corporis porro dolorem assumenda. Iusto ipsam dolor provident nulla eligendi est suscipit iure. Provident reiciendis fuga molestiae ab explicabo dolorum aperiam ducimus. Placeat occaecati ducimus voluptatem consequatur debitis eveniet.','2019-11-14 04:27:02','2019-11-14 04:27:02'),(107,26,'Dr. Julie Weber DDS','Non ut a ipsam aperiam. Accusamus quis ratione laudantium consectetur. Earum dignissimos ut numquam eum ex aut. Et odit laborum error consequuntur quod vel cumque quos.','2019-11-10 22:38:45','2019-11-10 22:38:45'),(108,27,'Kelley Schaefer V','Qui iste dicta hic quasi. Qui fugiat tempora voluptas impedit provident nesciunt in. Quasi molestiae rem voluptatem neque praesentium veritatis. Tenetur esse ut itaque qui ut dolor. Et sunt et tempore quidem corporis.','2019-11-02 23:26:46','2019-11-02 23:26:46'),(109,28,'Isidro Reynolds','Quod praesentium laborum rem voluptatem eius non. Consequuntur eos omnis debitis fugit repellat. Rerum temporibus aut ut a explicabo. Voluptatem voluptatem ut magnam omnis fugiat voluptatem dicta.','2019-10-29 04:41:20','2019-10-29 04:41:20'),(110,29,'Jace Dietrich','Accusantium rerum quas recusandae ut. Ipsa in aspernatur eos quasi quo et reiciendis assumenda. Cum cumque neque adipisci quo voluptates est omnis.','2019-10-25 17:48:14','2019-10-25 17:48:14'),(111,30,'Audrey Collins','Quis sit ut laudantium. Sed temporibus dolores voluptatem doloremque veritatis consequatur. Non omnis enim minima dolorem dolor dolores ea.','2019-10-23 00:43:23','2019-10-23 00:43:23'),(112,31,'Prof. Angelo Willms','Cupiditate et accusantium et enim eum libero qui iure. Repellat nam sit veritatis perspiciatis molestias reiciendis. A hic repellat minus nisi. Et sint quam aut ab quod est.','2019-11-05 14:51:37','2019-11-05 14:51:37'),(113,32,'Shana Stiedemann','Quibusdam natus minus est. Consequatur tempore omnis harum expedita sit magnam dolores. Natus non et accusamus.','2019-11-14 12:31:30','2019-11-14 12:31:30'),(114,33,'Prof. Lea Collier MD','Asperiores autem et similique. Voluptas molestiae praesentium ex sunt eos possimus. Labore voluptas molestiae esse laborum eos. Architecto voluptatem non porro quos eius repudiandae illo dolores.','2019-11-01 15:47:28','2019-11-01 15:47:28'),(115,34,'Tianna Cormier','Nostrum ut blanditiis voluptates ipsum quibusdam aliquam. Molestiae odit sint accusamus sunt illo. Unde repellendus eos molestiae reprehenderit officia error autem.','2019-10-27 08:48:33','2019-10-27 08:48:33'),(116,35,'Karine Witting','Deserunt et aut velit aut. Quos odit molestias esse fugiat error qui et perspiciatis.','2019-10-27 05:00:36','2019-10-27 05:00:36'),(117,36,'Dr. Alfonso Aufderhar','Quae dolorem amet error. Et ullam asperiores qui repudiandae aperiam. Expedita quisquam quis nihil ipsa voluptatibus aut nesciunt nisi. Unde esse voluptatem error sit saepe tempora fuga.','2019-11-13 18:51:28','2019-11-13 18:51:28'),(118,37,'Ms. Gracie Cummings MD','Sed voluptatem placeat vero et. Repudiandae asperiores explicabo occaecati nisi harum voluptate molestiae. Nobis consequuntur ut ut qui omnis et. Rerum dolorum rem veritatis enim quis nemo culpa.','2019-10-27 02:20:39','2019-10-27 02:20:39'),(119,38,'Shanel Osinski DVM','Aut tenetur repellat suscipit consequatur et. Quae consequatur consequatur et rerum minus. Occaecati alias impedit accusamus aut optio.','2019-11-21 04:26:24','2019-11-21 04:26:24'),(120,39,'Mr. Lorenz Grant MD','Qui tempora enim aut. Et qui necessitatibus sed et consectetur. Ex ut et hic incidunt voluptas veniam dolorem. Dolores natus dignissimos odit distinctio.','2019-11-10 04:16:06','2019-11-10 04:16:06'),(121,40,'Evan Christiansen','Beatae quisquam aspernatur sed iste ea possimus nobis corrupti. Aut a aspernatur dicta dolorem. Rem sed id eum iste modi non odio.','2019-11-16 13:11:57','2019-11-16 13:11:57'),(122,41,'Dr. Ethel Nader','Dolorem quos aut dolor cumque officiis a. Qui officia illum quos aut possimus. Culpa vitae expedita molestias quibusdam ea exercitationem doloribus ut.','2019-11-13 02:59:09','2019-11-13 02:59:09'),(123,42,'Maxie Mosciski','Culpa voluptas vero corporis dignissimos. Reprehenderit vero earum et asperiores autem. Modi voluptas dignissimos ut eaque cum placeat qui. Labore in quis inventore commodi voluptatem.','2019-11-17 06:38:04','2019-11-17 06:38:04'),(124,43,'Breanna Hermann','Explicabo omnis repellendus expedita libero. Molestias eveniet hic ea velit. Exercitationem fugit eum consequatur minima animi illum aut. Dolore et dolores minus necessitatibus dolores nemo sed. Est unde alias facere et modi esse explicabo.','2019-11-07 09:40:04','2019-11-07 09:40:04'),(127,24,'Ms. Vergie Wolff','asffs','2019-11-23 00:58:59','2019-11-23 00:58:59'),(131,53,'Ms. Vergie Wolff','125211152','2019-11-23 01:23:22','2019-11-23 01:23:22'),(132,53,'Ms. Vergie Wolff','51252115252','2019-11-23 01:23:28','2019-11-23 01:23:28'),(134,18,'Ms. Vergie Wolff','142','2019-11-23 01:33:34','2019-11-23 01:33:34'),(137,8,'Ms. Vergie Wolff','12424','2019-11-23 01:59:16','2019-11-23 01:59:16'),(138,53,'Ms. Vergie Wolff','2155221552','2019-11-23 01:59:23','2019-11-23 01:59:23'),(139,53,'admin','411441','2019-11-23 02:00:46','2019-11-23 02:00:46'),(140,1,'test','12441421','2019-11-23 02:43:04','2019-11-23 02:43:04'),(141,1,'test','25152152','2019-11-23 02:43:08','2019-11-23 02:43:08'),(142,56,'test','2142124','2019-11-23 02:55:09','2019-11-23 02:55:09'),(143,56,'test','215215152152','2019-11-23 02:55:11','2019-11-23 02:55:11'),(144,46,'test','41414241','2019-11-23 03:01:14','2019-11-23 03:01:14');
/*!40000 ALTER TABLE `comments` ENABLE KEYS */;
UNLOCK TABLES;

--
-- Table structure for table `failed_jobs`
--

DROP TABLE IF EXISTS `failed_jobs`;
/*!40101 SET @saved_cs_client     = @@character_set_client */;
/*!40101 SET character_set_client = utf8 */;
CREATE TABLE `failed_jobs` (
  `id` bigint(20) unsigned NOT NULL AUTO_INCREMENT,
  `connection` text COLLATE utf8mb4_unicode_ci NOT NULL,
  `queue` text COLLATE utf8mb4_unicode_ci NOT NULL,
  `payload` longtext COLLATE utf8mb4_unicode_ci NOT NULL,
  `exception` longtext COLLATE utf8mb4_unicode_ci NOT NULL,
  `failed_at` timestamp NOT NULL DEFAULT current_timestamp(),
  PRIMARY KEY (`id`)
) ENGINE=InnoDB DEFAULT CHARSET=utf8mb4 COLLATE=utf8mb4_unicode_ci;
/*!40101 SET character_set_client = @saved_cs_client */;

--
-- Dumping data for table `failed_jobs`
--

LOCK TABLES `failed_jobs` WRITE;
/*!40000 ALTER TABLE `failed_jobs` DISABLE KEYS */;
/*!40000 ALTER TABLE `failed_jobs` ENABLE KEYS */;
UNLOCK TABLES;

--
-- Table structure for table `migrations`
--

DROP TABLE IF EXISTS `migrations`;
/*!40101 SET @saved_cs_client     = @@character_set_client */;
/*!40101 SET character_set_client = utf8 */;
CREATE TABLE `migrations` (
  `id` int(10) unsigned NOT NULL AUTO_INCREMENT,
  `migration` varchar(255) COLLATE utf8mb4_unicode_ci NOT NULL,
  `batch` int(11) NOT NULL,
  PRIMARY KEY (`id`)
) ENGINE=InnoDB AUTO_INCREMENT=33 DEFAULT CHARSET=utf8mb4 COLLATE=utf8mb4_unicode_ci;
/*!40101 SET character_set_client = @saved_cs_client */;

--
-- Dumping data for table `migrations`
--

LOCK TABLES `migrations` WRITE;
/*!40000 ALTER TABLE `migrations` DISABLE KEYS */;
INSERT INTO `migrations` VALUES (28,'2014_10_12_000000_create_users_table',1),(29,'2014_10_12_100000_create_password_resets_table',1),(30,'2019_08_19_000000_create_failed_jobs_table',1),(31,'2019_11_22_070601_create_questions_table',1),(32,'2019_11_22_070626_create_comments_table',1);
/*!40000 ALTER TABLE `migrations` ENABLE KEYS */;
UNLOCK TABLES;

--
-- Table structure for table `password_resets`
--

DROP TABLE IF EXISTS `password_resets`;
/*!40101 SET @saved_cs_client     = @@character_set_client */;
/*!40101 SET character_set_client = utf8 */;
CREATE TABLE `password_resets` (
  `email` varchar(255) COLLATE utf8mb4_unicode_ci NOT NULL,
  `token` varchar(255) COLLATE utf8mb4_unicode_ci NOT NULL,
  `created_at` timestamp NULL DEFAULT NULL,
  KEY `password_resets_email_index` (`email`)
) ENGINE=InnoDB DEFAULT CHARSET=utf8mb4 COLLATE=utf8mb4_unicode_ci;
/*!40101 SET character_set_client = @saved_cs_client */;

--
-- Dumping data for table `password_resets`
--

LOCK TABLES `password_resets` WRITE;
/*!40000 ALTER TABLE `password_resets` DISABLE KEYS */;
/*!40000 ALTER TABLE `password_resets` ENABLE KEYS */;
UNLOCK TABLES;

--
-- Table structure for table `questions`
--

DROP TABLE IF EXISTS `questions`;
/*!40101 SET @saved_cs_client     = @@character_set_client */;
/*!40101 SET character_set_client = utf8 */;
CREATE TABLE `questions` (
  `id` bigint(20) unsigned NOT NULL AUTO_INCREMENT,
  `title` varchar(255) COLLATE utf8mb4_unicode_ci NOT NULL,
  `content` varchar(255) COLLATE utf8mb4_unicode_ci NOT NULL,
  `user_id` bigint(20) unsigned NOT NULL,
  `created_at` timestamp NULL DEFAULT NULL,
  `updated_at` timestamp NULL DEFAULT NULL,
  PRIMARY KEY (`id`),
  KEY `questions_user_id_foreign` (`user_id`),
  CONSTRAINT `questions_user_id_foreign` FOREIGN KEY (`user_id`) REFERENCES `users` (`id`) ON DELETE CASCADE ON UPDATE CASCADE
) ENGINE=InnoDB AUTO_INCREMENT=57 DEFAULT CHARSET=utf8mb4 COLLATE=utf8mb4_unicode_ci;
/*!40101 SET character_set_client = @saved_cs_client */;

--
-- Dumping data for table `questions`
--

LOCK TABLES `questions` WRITE;
/*!40000 ALTER TABLE `questions` DISABLE KEYS */;
INSERT INTO `questions` VALUES (1,'Quisquam dicta itaque doloremque qui expedita quia excepturi modi.','Sapiente mollitia iusto pariatur consectetur accusantium impedit. Ratione dolorum dignissimos sapiente voluptatem.',1,'2019-11-20 12:43:31','2019-11-20 12:43:31'),(2,'Consequatur ut necessitatibus illum.','Et temporibus autem consequuntur illum. At doloribus vel qui et qui. Sint ducimus rem sunt eligendi fuga. Inventore asperiores laboriosam enim dicta ut consequatur.',2,'2019-11-19 16:18:03','2019-11-19 16:18:03'),(3,'Quos omnis sit consequatur corrupti consectetur qui voluptatem.','Necessitatibus corporis dolorum enim quibusdam voluptatem et tenetur. Dolores consequatur quibusdam non error est. Velit eos enim nisi beatae. Ut eaque voluptatibus sed qui ut alias quo.',3,'2019-11-09 12:05:34','2019-11-09 12:05:34'),(4,'Voluptatem quidem eius earum at voluptates.','Culpa voluptatem vitae quasi eveniet deserunt debitis autem quia. Enim culpa fuga eius quidem natus cum eos dolorem. Unde et placeat ut. Dicta recusandae eum maxime quo.',4,'2019-10-25 11:57:02','2019-10-25 11:57:02'),(5,'Adipisci distinctio et sed earum enim id voluptatem.','Quia sapiente sapiente impedit ut omnis. Illum autem sed ipsa distinctio. Aut accusamus temporibus ipsum dolorem et. Deserunt voluptatum quia ea voluptas.',5,'2019-11-04 13:32:34','2019-11-04 13:32:34'),(6,'Accusamus sed nam magni voluptatem et.','Eaque impedit consequatur laborum et quidem. Vel modi vel quisquam recusandae non id error. Nisi ratione cum aperiam rerum cum voluptas est.',6,'2019-10-30 09:03:58','2019-10-30 09:03:58'),(8,'Aut alias quas pariatur aut at.','Id ut et qui ipsam dolores dolorem sed. Temporibus necessitatibus minima assumenda harum minus.',8,'2019-11-21 20:03:27','2019-11-21 20:03:27'),(9,'Rerum ut voluptatum at tempora ratione quidem ipsam.','Ipsa atque ut molestiae consequuntur. Aut voluptate corrupti aperiam ea. Qui repudiandae est et eaque in.',9,'2019-11-02 00:47:29','2019-11-02 00:47:29'),(10,'Similique aut similique saepe commodi quas ut.','Tenetur odit est placeat consectetur. Beatae deserunt minima quidem et dolorem doloremque. Quidem soluta sapiente eum. Et earum eos exercitationem sint et voluptas ab.',10,'2019-11-18 23:59:43','2019-11-18 23:59:43'),(11,'Iste quod numquam neque illum voluptatem unde.','In dolorum minus a repudiandae rem. Hic modi nemo ea odit corporis aut. Qui quo ut quo aperiam sed harum aspernatur.',1,'2019-11-02 09:46:41','2019-11-02 09:46:41'),(12,'Consequatur exercitationem quidem adipisci facilis.','Omnis alias quibusdam voluptatem est eius iure. Est assumenda tempore et sed quasi maiores officiis accusamus. Ullam quos iste nostrum nam. Quo nisi rem rerum illum.',2,'2019-10-23 16:27:43','2019-10-23 16:27:43'),(13,'Sapiente et est similique quis.','Quasi nam animi laborum similique. Ad qui corrupti aut fugiat quis odio corporis. Qui voluptas magnam voluptates dicta.',3,'2019-11-15 17:37:06','2019-11-15 17:37:06'),(14,'Ab occaecati soluta quia labore.','Incidunt quae hic eligendi doloremque ullam in. Quod architecto non est magni. Aut soluta incidunt et quo accusantium. Eligendi ipsa labore unde.',1,'2019-11-13 07:58:22','2019-11-13 07:58:22'),(15,'Aut est id qui autem sequi nihil repellendus.','Nihil amet distinctio omnis deleniti neque. Adipisci nihil in placeat aliquid dolore. Libero quia magni id vero laboriosam.',2,'2019-11-18 15:49:47','2019-11-18 15:49:47'),(16,'Reprehenderit hic et et sunt.','Quis sit eligendi ea possimus. Atque dolores quae deleniti. Exercitationem dolor quo omnis autem eius impedit ex. Tenetur maiores minima expedita ut eos exercitationem.',3,'2019-11-11 01:21:02','2019-11-11 01:21:02'),(17,'Ipsam mollitia nihil velit voluptatibus corrupti et.','Sunt iusto libero voluptas hic qui. Distinctio harum saepe id.',4,'2019-11-08 07:14:44','2019-11-08 07:14:44'),(18,'Eius distinctio ea nobis molestias eveniet suscipit aliquid voluptas.','Aut consectetur qui aliquam iure et quae voluptatem ut. Rem illum adipisci impedit perferendis quod. Est id repellendus et ad repellat facere.',5,'2019-11-20 10:03:19','2019-11-20 10:03:19'),(19,'Molestiae rerum sequi fugit sit qui nobis.','Vel culpa quia dolorem aut. Corporis sit accusamus ducimus. Tempore sint illum inventore illum et commodi. Beatae beatae ad consectetur.',6,'2019-10-27 03:14:44','2019-10-27 03:14:44'),(20,'Animi libero enim et a aut aperiam reprehenderit.','Et aspernatur ab facilis sed. Sint modi ut velit necessitatibus commodi.',7,'2019-11-16 04:59:59','2019-11-16 04:59:59'),(21,'Dolores consectetur nemo deleniti modi.','Quam adipisci ut necessitatibus enim et numquam. At itaque sit quod quis voluptatem aut. Nulla ut occaecati optio vel.',8,'2019-11-04 12:54:29','2019-11-04 12:54:29'),(22,'Quae et veritatis tempora quas excepturi minima dolorem.','Et quidem rerum quia iste dignissimos natus quos. Ut est sit ut consequatur in vel. Totam tempora nobis eligendi quaerat rem et maiores.',9,'2019-11-19 01:32:36','2019-11-19 01:32:36'),(23,'Rerum aspernatur qui tenetur qui ut quis error.','Odit quo et est ea illo. Qui ut asperiores tempore atque accusantium beatae esse. Unde officiis iure sed dolore provident tempora.',10,'2019-11-01 05:16:12','2019-11-01 05:16:12'),(24,'Vero laborum blanditiis perspiciatis facilis assumenda illo.','Qui qui est accusamus et facilis nihil ut. Animi laboriosam non eum. Consequatur laudantium dolores voluptatibus animi similique earum nobis tenetur. Nulla dolorem aut consequatur minus rerum quidem.',1,'2019-10-22 13:01:50','2019-10-22 13:01:50'),(25,'Voluptas reprehenderit eveniet maiores accusamus ullam ea similique.','Labore commodi nemo assumenda magnam ipsa veritatis sed placeat. Facilis autem provident voluptas quas consequuntur aut. Qui accusantium provident rerum modi corporis assumenda eius voluptas.',2,'2019-11-08 08:59:53','2019-11-08 08:59:53'),(26,'Vitae error et iure dignissimos sit dolore ducimus.','Sint impedit tenetur ducimus vel asperiores repudiandae ipsa ut. Odit ut repudiandae enim aut et aut. Quia quas magnam quia aut eum aliquid nobis maxime. Quo quam pariatur laborum sapiente sit quaerat voluptatem. Et quo suscipit non ut fuga ad.',3,'2019-11-21 04:43:42','2019-11-21 04:43:42'),(27,'Aut voluptatem quod sunt omnis.','Expedita sunt voluptatem atque modi odit assumenda ipsum. Deleniti fuga pariatur velit qui. Et et eum in velit.',4,'2019-11-09 01:05:13','2019-11-09 01:05:13'),(28,'Iure est ad asperiores ut.','Omnis aut pariatur animi necessitatibus. Necessitatibus cupiditate perferendis cum reiciendis. Natus expedita labore doloribus vitae eos maxime est est. Eaque officiis ullam ut id.',5,'2019-11-11 23:29:27','2019-11-11 23:29:27'),(29,'Reiciendis natus quo qui laboriosam est atque id.','Non omnis nemo enim. Asperiores optio tenetur quia nulla eum fugiat.',6,'2019-11-20 20:17:18','2019-11-20 20:17:18'),(30,'Labore voluptates facere reiciendis et.','Excepturi consequuntur quis ut dolorem voluptatem ut non. Doloribus omnis cumque explicabo odit sed. Quae qui rerum veritatis sunt voluptatem praesentium.',7,'2019-10-30 05:55:35','2019-10-30 05:55:35'),(31,'Quis qui et et possimus magni.','Ea sunt doloremque ratione blanditiis explicabo sint neque et. Delectus illum omnis ut dolorem.',8,'2019-11-14 14:20:19','2019-11-14 14:20:19'),(32,'Quia dicta libero qui voluptatum esse itaque fugit.','Iste minima fugiat sit velit distinctio ut minima. Expedita vero voluptates dolorem sit corporis cupiditate. Dicta qui optio quia autem odio nostrum iure.',9,'2019-11-10 05:17:39','2019-11-10 05:17:39'),(33,'Provident ut tempora illum laboriosam soluta placeat.','Autem ea laboriosam maxime reiciendis fugit vitae. Voluptate corrupti a enim sed eum molestias illum. Quod odit id doloribus autem ab blanditiis. Quisquam neque perspiciatis id quia nostrum.',10,'2019-11-11 00:07:15','2019-11-11 00:07:15'),(34,'Itaque et sequi cumque et dolorem.','Omnis aliquid asperiores ad consequatur quos. Maxime necessitatibus et dolor eius veritatis repellat aut. Magnam inventore qui sunt.',1,'2019-11-06 11:37:41','2019-11-06 11:37:41'),(35,'Est ab quae quis quibusdam possimus aperiam.','Similique qui dolorem doloribus animi earum iusto. Vitae ut fuga molestias facere. Quisquam dolor minima natus aperiam laudantium. Eos aut impedit quasi eius velit molestiae.',2,'2019-11-07 20:48:06','2019-11-07 20:48:06'),(36,'Hic aut itaque ipsa et consequatur quia doloremque.','Molestiae dolor debitis enim sed ut fuga aut. Dignissimos libero dolor et recusandae. Eveniet voluptatem dolorum et unde quo maiores doloremque.',3,'2019-10-25 01:31:23','2019-10-25 01:31:23'),(37,'Neque maxime ipsum ut sit illum officia dolores repellat.','Voluptatibus id fugiat occaecati quibusdam odit animi placeat. Exercitationem et consequatur nemo quia. Molestias quaerat soluta occaecati rerum molestiae quibusdam.',4,'2019-11-12 17:23:31','2019-11-12 17:23:31'),(38,'Impedit qui ipsam et.','Quis harum voluptas cumque enim doloribus qui. Saepe consequuntur facere officia. Delectus perspiciatis rem tempora. Impedit aut corporis sed.',5,'2019-11-13 15:15:28','2019-11-13 15:15:28'),(39,'Sint iusto aut minima.','Aperiam voluptatem harum laudantium. Molestias iusto similique ea cum tempora. Qui reprehenderit eum adipisci doloribus. Illum quasi nemo ut animi.',6,'2019-11-18 00:04:20','2019-11-18 00:04:20'),(40,'Quidem quo et exercitationem dolores.','Quia occaecati ut voluptatibus cupiditate. Explicabo officia in aut.',7,'2019-11-22 04:10:01','2019-11-22 04:10:01'),(41,'Deleniti ut et in magnam provident nihil aut.','Veniam rerum repellendus et officiis quo. Vel autem fugiat odio suscipit culpa placeat.',8,'2019-10-26 14:05:57','2019-10-26 14:05:57'),(42,'Nobis eligendi sint consequatur quia.','Repellendus ut sit quidem voluptatem fugit aut molestiae totam. Dolores ea assumenda quibusdam repudiandae. Voluptas rerum veniam aut inventore qui est.',9,'2019-11-04 02:53:28','2019-11-04 02:53:28'),(43,'Officia rerum eaque dignissimos rerum placeat non debitis.','Quisquam harum esse dicta aut fugit omnis doloribus. Possimus et ut omnis est sit ab. Mollitia non quia cumque cum. Molestias quam qui debitis ipsam dolores. Sint quidem minima dolorum facere aliquid.',10,'2019-11-15 09:04:31','2019-11-15 09:04:31'),(46,'213','123213',1,'2019-11-22 22:28:50','2019-11-22 22:28:50'),(52,'tete','testset',1,'2019-11-22 23:27:22','2019-11-22 23:27:22'),(53,'test','125251teetest',1,'2019-11-22 23:31:34','2019-11-22 23:36:10'),(54,'teawwt','atte',1,'2019-11-23 02:43:15','2019-11-23 02:43:15'),(55,'21','421124124',12,'2019-11-23 02:53:50','2019-11-23 02:53:50'),(56,'잘됩니까?','ㅈ잘됩니다~~1441',12,'2019-11-23 02:54:31','2019-11-23 02:59:39');
/*!40000 ALTER TABLE `questions` ENABLE KEYS */;
UNLOCK TABLES;

--
-- Table structure for table `users`
--

DROP TABLE IF EXISTS `users`;
/*!40101 SET @saved_cs_client     = @@character_set_client */;
/*!40101 SET character_set_client = utf8 */;
CREATE TABLE `users` (
  `id` bigint(20) unsigned NOT NULL AUTO_INCREMENT,
  `name` varchar(255) COLLATE utf8mb4_unicode_ci NOT NULL,
  `email` varchar(255) COLLATE utf8mb4_unicode_ci NOT NULL,
  `email_verified_at` timestamp NULL DEFAULT NULL,
  `password` varchar(255) COLLATE utf8mb4_unicode_ci NOT NULL,
  `remember_token` varchar(100) COLLATE utf8mb4_unicode_ci DEFAULT NULL,
  `created_at` timestamp NULL DEFAULT NULL,
  `updated_at` timestamp NULL DEFAULT NULL,
  PRIMARY KEY (`id`),
  UNIQUE KEY `users_email_unique` (`email`)
) ENGINE=InnoDB AUTO_INCREMENT=13 DEFAULT CHARSET=utf8mb4 COLLATE=utf8mb4_unicode_ci;
/*!40101 SET character_set_client = @saved_cs_client */;

--
-- Dumping data for table `users`
--

LOCK TABLES `users` WRITE;
/*!40000 ALTER TABLE `users` DISABLE KEYS */;
INSERT INTO `users` VALUES (1,'Ms. Vergie Wolff','lubowitz.audreanne@example.org','2019-11-22 05:15:07','$2y$10$X5eOVi/o6UxNP3.QyEVmUO3AfxcnA.ecqCV2kgN3Xfojaou2Yq5By','47IJwY61eE','2019-11-22 05:15:07','2019-11-22 05:15:07'),(2,'Dr. Domenico Moen','oblanda@example.com','2019-11-22 05:15:07','$2y$10$Fgl6zoIgeg3DyYp4oyGtb.OkDxQ2.88GyRpWHHL1UzSK7jkWnUms6','NL0dKopaIv','2019-11-22 05:15:07','2019-11-22 05:15:07'),(3,'Hertha Kris','awaters@example.net','2019-11-22 05:15:07','$2y$10$Y1UIFBV2zWdnMLLweJl4ken6qnALE39xgivUa/THgjXGIWuFGBSzy','AAkHjkY4IK','2019-11-22 05:15:07','2019-11-22 05:15:07'),(4,'Dr. Magnus Predovic','bosinski@example.net','2019-11-22 05:15:07','$2y$10$GR86L7Gy2cOzkgdYJWyDluv9WMYKhI3yupDKJIlZvY3AX1Ik7vlvK','La9gclRZYA','2019-11-22 05:15:07','2019-11-22 05:15:07'),(5,'Tatyana Morar Sr.','rebeka.von@example.com','2019-11-22 05:15:07','$2y$10$0i7m8XdDfxC/DZEeGN8lzOo8IuFYbtsoO3v9MAgDD/9qHg8ykrGlW','WpxL8IOYeS','2019-11-22 05:15:07','2019-11-22 05:15:07'),(6,'Eusebio Prohaska III','feest.maxime@example.net','2019-11-22 05:15:09','$2y$10$8R.8H00v/ECtYwWsKjuBpOTz7mDHVMHzqshGh.tobvINkbhfctyom','xTaI7nZVVn','2019-11-22 05:15:09','2019-11-22 05:15:09'),(7,'Kelsie O\'Kon','zlangworth@example.net','2019-11-22 05:15:09','$2y$10$vYpFsdiMpOqi8RQjUz9PPOqdmzTxKu8t.Nsd37TotLyokNuKFvyPa','ej4ixXwZoQ','2019-11-22 05:15:09','2019-11-22 05:15:09'),(8,'Prof. Samson Willms','funk.paolo@example.org','2019-11-22 05:15:09','$2y$10$JgVTLhUIymxvb6OOYCX7wOlC2ko/EVQ7zMMvSmJ3I2x2BFcBxovyK','ZZ0FkfQDNg','2019-11-22 05:15:09','2019-11-22 05:15:09'),(9,'Madaline Senger','wilmer.murphy@example.org','2019-11-22 05:15:09','$2y$10$7V57jONWNifElUWPNWuiAuRIAsV7qdEWuB8fO/2Mth4GFZuJHXjqq','VjP9hDbODv','2019-11-22 05:15:09','2019-11-22 05:15:09'),(10,'Martin Krajcik','bgreen@example.com','2019-11-22 05:15:09','$2y$10$WvGfxiOWbS2kjnI8KjlxJ.yk6dYPisf3bqi9VuNRmhfGN3ccFU0Z6','0W9TmfdnJJ','2019-11-22 05:15:09','2019-11-22 05:15:09'),(11,'admin','admin@naver.com',NULL,'$2y$10$pq7STGHRbDHnsRwW6V91Ru7Pm/G8rqIG7DO50JZy.4Rar9cOIkyje',NULL,'2019-11-23 00:56:53','2019-11-23 00:56:53'),(12,'test','test@test',NULL,'$2y$10$UeI2M6A/epemrfMCLRQ51uR0Kf4bqvDf3.CeuN5OhkEm.feYc5Gym',NULL,'2019-11-23 02:16:56','2019-11-23 02:16:56');
/*!40000 ALTER TABLE `users` ENABLE KEYS */;
UNLOCK TABLES;
/*!40103 SET TIME_ZONE=@OLD_TIME_ZONE */;

/*!40101 SET SQL_MODE=@OLD_SQL_MODE */;
/*!40014 SET FOREIGN_KEY_CHECKS=@OLD_FOREIGN_KEY_CHECKS */;
/*!40014 SET UNIQUE_CHECKS=@OLD_UNIQUE_CHECKS */;
/*!40101 SET CHARACTER_SET_CLIENT=@OLD_CHARACTER_SET_CLIENT */;
/*!40101 SET CHARACTER_SET_RESULTS=@OLD_CHARACTER_SET_RESULTS */;
/*!40101 SET COLLATION_CONNECTION=@OLD_COLLATION_CONNECTION */;
/*!40111 SET SQL_NOTES=@OLD_SQL_NOTES */;

-- Dump completed on 2019-11-23 21:09:23
